sku,category,brand,price
SV-9001,kurta,Saanjh Vastra,1499
SV-9002,kurti,Saanjh Vastra,899
SV-9003,saree,Saanjh Vastra,2899
SV-9004,sherwani,Saanjh Vastra,5499
SV-9005,dupatta,Saanjh Vastra,699
SV-9006,lehenga,Saanjh Vastra,4299
SV-9007,salwar suit,Saanjh Vastra,2199
TK-9501,kurta,Tanka Kala,1299
TK-9502,kurti,Tanka Kala,999
TK-9503,saree,Tanka Kala,3199
TK-9504,kurta,Tanka Kala,1799
TK-9505,dupatta,Tanka Kala,549
TK-9506,sherwani,Tanka Kala,6299
TK-9507,kurta,Tanka Kala,1149
SV-9008,jeans,Saanjh Vastra,1999
SV-9009,kurta,Saanjh Vastra,free
TK-9508,kurta,,1399
SV-9001,kurta,Saanjh Vastra,1499
